id_adolescent,age,gender,daily_social_media_hours,platform_usage,screen_time_before_sleep
1,14,male,7.9,Instagram,2.9
2,19,female,1.9,TikTok,2.9
3,17,female,1.3,Instagram,0.5
4,15,male,7.4,TikTok,1.6
5,15,female,4.7,Both,3.0
6,19,female,7.4,Both,2.4
7,18,female,2.5,Instagram,2.4
8,16,male,4.0,Both,0.5
9,19,female,3.3,TikTok,2.1
10,15,male,1.9,TikTok,1.5
11,16,male,7.2,Both,2.9
12,13,male,4.9,Instagram,2.5
13,16,male,6.2,Both,2.6
14,17,female,6.8,TikTok,1.1
15,15,male,5.7,TikTok,0.8
16,14,female,3.6,Both,0.6
17,13,male,1.5,Both,1.4
18,16,male,3.1,Both,0.8
19,16,female,6.7,Both,1.9
20,14,female,1.2,Instagram,1.0
21,16,male,3.4,TikTok,2.1
22,18,male,4.1,Both,2.4
23,18,male,5.3,Instagram,1.2
24,18,female,2.3,TikTok,0.5
25,18,female,2.4,Both,1.9
26,13,female,1.5,Both,2.5
27,14,female,5.7,Both,0.6
28,19,male,2.0,TikTok,0.9
29,14,male,2.5,TikTok,2.9
30,16,female,3.4,TikTok,2.8
31,13,male,6.6,TikTok,2.5
32,13,female,1.6,Instagram,2.5
33,16,male,2.7,Instagram,2.4
34,14,male,4.1,TikTok,3.0
35,13,female,6.6,TikTok,1.6
36,17,female,5.0,Both,2.1
37,19,female,4.6,Instagram,2.5
38,17,female,4.8,Instagram,1.3
39,17,female,1.3,TikTok,2.0
40,17,female,6.3,Instagram,1.0
41,14,male,6.4,Instagram,0.9
42,19,male,1.6,Instagram,2.4
43,14,female,7.3,Instagram,1.4
44,15,male,4.0,Both,1.3
45,14,male,5.2,Both,2.1
46,14,female,4.5,TikTok,0.9
47,18,male,6.8,TikTok,1.1
48,13,female,3.5,Instagram,1.1
49,16,male,2.3,TikTok,3.0
50,14,male,1.2,Instagram,1.8
51,13,male,6.2,Both,2.2
52,18,male,4.5,TikTok,1.9
53,18,male,2.9,Instagram,2.5
54,13,female,5.8,TikTok,2.3
55,18,male,6.8,Instagram,2.7
56,15,female,7.4,Instagram,0.9
57,18,male,4.5,TikTok,2.5
58,16,male,6.4,TikTok,2.4
59,13,male,7.3,Both,1.3
60,17,female,7.1,Instagram,0.6
61,18,male,1.6,TikTok,2.7
62,15,female,1.5,Instagram,1.0
63,13,male,4.3,Both,0.7
64,17,male,2.5,Both,2.0
65,19,female,7.9,TikTok,1.7
66,17,male,2.7,Instagram,2.6
67,13,male,3.1,TikTok,1.5
68,17,male,5.8,Both,0.7
69,14,female,3.9,Both,2.8
70,15,male,7.5,Both,0.9
71,14,male,5.2,Both,2.0
72,16,female,3.1,TikTok,1.1
73,16,female,2.0,Instagram,1.2
74,14,male,2.7,Instagram,1.3
75,14,male,1.5,Both,2.1
76,17,female,6.9,Instagram,0.8
77,13,male,1.1,TikTok,1.8
78,13,male,3.4,TikTok,0.6
79,15,male,6.7,Both,2.1
80,18,male,1.1,Both,1.0
81,18,female,7.4,Instagram,2.3
82,19,female,4.8,TikTok,1.5
83,14,male,1.2,Both,2.2
84,13,male,7.4,Instagram,1.4
85,16,female,2.6,Both,1.3
86,17,female,5.0,Both,2.5
87,18,male,7.5,Instagram,1.8
88,17,female,5.4,Both,2.5
89,17,female,5.6,Instagram,1.7
90,18,male,6.2,Instagram,2.8
91,17,female,4.7,Instagram,2.4
92,18,female,4.0,Instagram,2.2
93,18,male,6.2,TikTok,1.5
94,17,female,5.6,TikTok,2.0
95,13,female,4.0,Instagram,2.5
96,15,female,1.8,Instagram,2.4
97,13,male,3.1,TikTok,1.9
98,13,female,3.5,TikTok,2.5
99,18,male,7.4,TikTok,2.2
100,16,male,8.0,Instagram,1.4
101,13,male,5.1,Both,1.6
102,18,female,2.4,Instagram,1.3
103,13,male,1.6,Instagram,1.5
104,18,male,5.8,Instagram,1.9
105,15,male,2.7,TikTok,1.9
106,13,female,4.0,Both,1.0
107,18,male,3.2,Both,1.2
108,13,male,1.6,TikTok,0.6
109,14,male,2.3,TikTok,2.5
110,17,male,7.7,TikTok,1.2
111,16,male,4.8,Both,0.6
112,17,female,5.2,Both,0.6
113,13,male,5.7,Both,2.4
114,15,male,4.6,TikTok,1.4
115,13,male,4.3,TikTok,2.7
116,17,female,4.1,Instagram,3.0
117,15,male,6.5,Both,2.0
118,19,female,7.8,Both,2.1
119,17,male,6.5,Instagram,2.7
120,17,female,3.2,TikTok,0.6
121,13,male,2.4,TikTok,0.8
122,15,female,4.0,Instagram,2.1
123,17,female,6.0,Both,1.3
124,18,male,1.2,TikTok,1.7
125,16,male,5.7,Both,2.8
126,19,male,6.5,Both,2.3
127,16,male,6.6,Instagram,0.8
128,13,male,6.0,TikTok,1.5
129,18,female,1.1,Both,2.7
130,13,female,3.8,Instagram,1.3
131,13,female,4.7,Both,1.7
132,15,male,7.4,TikTok,1.3
133,17,male,3.9,Instagram,2.4
134,18,male,3.1,Instagram,2.9
135,16,female,2.6,TikTok,1.7
136,13,male,5.0,TikTok,0.6
137,18,male,4.5,Instagram,1.6
138,17,male,2.1,TikTok,2.0
139,14,female,6.4,Instagram,1.1
140,15,female,2.3,TikTok,2.6
141,13,female,4.4,TikTok,1.3
142,19,male,2.3,Instagram,2.3
143,13,male,4.3,Instagram,0.7
144,18,female,3.9,TikTok,1.8
145,18,male,2.9,TikTok,0.9
146,14,male,2.1,Instagram,1.1
147,14,male,2.1,TikTok,1.4
148,16,male,3.8,TikTok,1.3
149,15,female,1.1,TikTok,0.7
150,14,male,2.5,Both,2.4
151,19,female,4.1,Instagram,0.9
152,16,male,3.0,Instagram,1.5
153,13,female,3.9,Instagram,0.7
154,13,male,7.0,TikTok,0.6
155,16,male,3.6,Both,1.9
156,15,male,7.6,Instagram,2.7
157,19,male,1.3,Instagram,0.7
158,17,female,2.1,Both,2.1
159,15,female,2.7,Both,1.9
160,13,male,7.5,Both,2.0
161,16,female,6.1,Both,1.7
162,19,male,2.4,Both,1.2
163,19,male,2.0,TikTok,1.7
164,15,female,7.8,TikTok,0.5
165,16,female,6.8,TikTok,2.5
166,17,male,8.0,Instagram,2.6
167,13,female,7.3,Both,2.7
168,15,female,1.5,Both,1.2
169,15,female,3.4,Instagram,1.8
170,15,male,7.3,Both,2.6
171,13,female,1.9,TikTok,0.8
172,17,female,3.9,Instagram,1.3
173,18,male,1.3,Instagram,1.3
174,19,male,4.7,TikTok,1.8
175,15,male,1.9,TikTok,2.3
176,18,female,7.0,Both,1.6
177,15,male,6.2,TikTok,1.7
178,14,male,3.2,TikTok,1.3
179,18,female,4.5,Both,1.4
180,14,female,1.1,Both,2.5
181,13,male,5.9,Instagram,2.8
182,17,male,5.1,Both,2.2
183,15,male,1.6,Instagram,2.3
184,15,female,7.2,TikTok,1.4
185,17,female,1.4,Instagram,2.4
186,17,female,6.6,Instagram,2.2
187,15,female,3.5,Instagram,0.8
188,17,female,5.4,Both,2.8
189,16,female,4.2,Both,1.1
190,13,male,2.5,Instagram,1.6
191,16,female,3.8,TikTok,3.0
192,13,male,1.8,Instagram,1.2
193,14,male,5.4,Instagram,1.8
194,14,female,7.7,Instagram,0.8
195,18,female,4.1,Instagram,1.7
196,15,female,6.6,Both,3.0
197,16,male,2.3,Both,0.8
198,17,female,7.5,Instagram,2.9
199,18,male,7.1,Instagram,2.9
200,17,female,1.7,Both,1.5
201,13,male,7.9,Instagram,0.8
202,16,female,4.0,Instagram,1.9
203,15,female,1.2,TikTok,2.0
204,19,male,3.5,TikTok,1.7
205,17,male,1.1,Instagram,2.0
206,19,female,1.6,TikTok,1.6
207,16,female,2.5,TikTok,2.9
208,15,male,2.8,Instagram,1.8
209,15,male,2.2,Instagram,1.4
210,16,male,4.8,Both,1.0
211,18,female,3.7,Both,2.7
212,16,male,5.5,Instagram,2.3
213,16,male,2.5,Instagram,1.0
214,18,female,1.9,TikTok,1.7
215,13,male,5.9,Instagram,1.4
216,13,female,6.5,TikTok,0.6
217,15,male,7.5,Instagram,2.5
218,19,male,4.9,TikTok,2.9
219,13,male,2.2,TikTok,1.4
220,14,male,5.8,Both,0.7
221,14,male,1.3,Instagram,0.9
222,19,female,2.8,TikTok,1.7
223,19,female,4.0,TikTok,2.4
224,14,female,1.7,TikTok,1.6
225,18,female,1.4,TikTok,1.6
226,19,male,2.3,TikTok,3.0
227,14,male,3.8,Instagram,1.0
228,13,male,6.4,TikTok,2.5
229,19,male,6.0,Both,0.9
230,16,male,1.9,Instagram,2.1
231,17,male,2.4,TikTok,2.4
232,14,female,2.7,Instagram,2.4
233,14,male,1.5,Both,1.7
234,18,male,7.7,Instagram,1.8
235,13,male,2.9,TikTok,2.2
236,16,male,7.6,TikTok,2.7
237,18,male,5.7,Both,2.4
238,19,male,1.2,TikTok,1.5
239,16,female,2.4,Both,1.6
240,17,female,6.2,Both,2.0
241,14,female,4.7,Instagram,2.2
242,19,male,5.3,Instagram,0.7
243,19,female,6.0,TikTok,0.7
244,16,female,7.8,TikTok,2.1
245,14,female,4.4,Both,2.6
246,17,male,6.7,Instagram,2.4
247,13,female,7.2,TikTok,2.2
248,18,male,6.1,Both,2.1
249,16,male,5.4,TikTok,1.9
250,19,male,2.7,Both,0.7
251,13,female,7.9,Instagram,1.5
252,13,male,4.6,TikTok,1.6
253,13,male,5.6,Instagram,1.9
254,17,female,6.5,TikTok,0.7
255,19,male,5.9,Both,0.9
256,19,female,1.1,TikTok,2.2
257,18,male,3.2,TikTok,1.2
258,14,male,6.5,Instagram,2.7
259,17,female,7.3,Instagram,1.0
260,17,male,1.5,TikTok,1.7
261,16,male,3.8,Instagram,2.4
262,13,female,3.6,TikTok,2.8
263,15,male,3.6,TikTok,2.9
264,17,female,5.3,Instagram,1.2
265,19,male,4.4,TikTok,0.8
266,18,male,7.7,TikTok,1.4
267,14,female,7.1,TikTok,2.4
268,16,male,4.9,Instagram,1.0
269,19,male,4.6,Both,1.9
270,19,male,1.8,Instagram,2.6
271,16,male,4.2,Both,1.0
272,16,male,1.5,TikTok,0.5
273,19,male,7.0,Instagram,2.8
274,14,female,6.5,Both,1.5
275,19,female,4.3,Instagram,2.1
276,16,male,7.2,Both,2.5
277,13,male,7.0,Both,1.9
278,18,female,3.8,Both,1.7
279,17,female,3.0,Instagram,2.3
280,14,female,7.0,TikTok,1.1
281,13,male,4.6,TikTok,2.3
282,16,male,3.4,Both,2.6
283,19,female,3.5,TikTok,2.7
284,14,female,4.4,Both,2.7
285,14,female,1.8,Both,2.2
286,17,male,3.9,Both,1.0
287,14,female,4.4,TikTok,1.0
288,13,female,2.0,Instagram,1.9
289,17,male,7.2,TikTok,2.5
290,19,male,4.4,Both,0.9
291,14,male,7.2,TikTok,1.4
292,13,male,5.4,Instagram,0.8
293,16,male,1.5,TikTok,1.3
294,15,female,1.8,Instagram,2.8
295,17,female,3.7,TikTok,0.7
296,13,male,6.4,Both,1.3
297,19,male,6.4,Both,2.4
298,17,female,1.1,Instagram,2.9
299,13,male,1.3,TikTok,2.6
300,17,female,4.4,Instagram,1.2
301,13,male,7.8,Instagram,1.8
302,14,female,6.9,TikTok,0.9
303,14,female,4.8,Instagram,0.8
304,13,male,7.5,Instagram,1.9
305,15,female,6.7,Instagram,2.2
306,14,male,3.8,Instagram,1.9
307,15,male,3.0,Instagram,1.5
308,17,male,7.8,TikTok,0.8
309,14,female,7.8,Instagram,2.6
310,15,female,6.6,TikTok,1.5
311,13,female,7.3,Instagram,2.3
312,19,male,6.6,Instagram,1.1
313,19,female,5.6,TikTok,3.0
314,13,female,8.0,Instagram,2.8
315,13,female,1.3,Instagram,2.6
316,15,female,5.9,Both,1.4
317,14,female,2.0,Instagram,0.9
318,19,female,1.4,Instagram,1.8
319,13,female,6.4,Both,0.8
320,15,male,7.6,TikTok,0.8
321,16,male,7.9,Both,0.6
322,15,male,5.1,Instagram,2.8
323,18,male,6.4,TikTok,1.5
324,13,female,7.2,Both,0.9
325,18,female,2.9,Both,2.3
326,19,male,1.5,Instagram,2.7
327,14,male,5.4,Both,1.8
328,13,male,7.2,TikTok,1.3
329,15,female,7.0,Instagram,1.3
330,17,female,7.5,TikTok,1.1
331,14,male,1.4,Both,1.8
332,16,female,6.1,Instagram,1.4
333,16,female,1.4,Both,1.7
334,13,male,5.4,Instagram,2.0
335,13,female,2.1,Instagram,0.9
336,14,male,5.0,Both,1.1
337,13,female,4.4,Instagram,1.9
338,13,male,3.4,Both,0.8
339,18,male,1.2,Instagram,1.3
340,14,male,5.5,TikTok,1.4
341,15,male,2.3,Both,3.0
342,13,female,1.4,Both,0.5
343,13,female,3.0,Instagram,0.9
344,14,male,2.8,Instagram,2.5
345,14,male,7.0,TikTok,1.0
346,13,female,1.6,Both,1.4
347,15,female,4.2,Instagram,1.2
348,17,male,4.9,Instagram,3.0
349,14,female,3.6,Instagram,2.9
350,19,male,1.8,TikTok,2.3
351,17,female,2.7,Instagram,2.6
352,15,female,1.2,Instagram,1.0
353,18,female,6.2,Both,1.4
354,18,male,1.6,TikTok,1.9
355,18,female,5.1,TikTok,1.3
356,13,female,5.2,TikTok,2.8
357,14,male,4.1,TikTok,2.0
358,19,female,5.4,TikTok,2.3
359,13,male,2.4,TikTok,1.6
360,18,male,1.7,Both,1.4
361,18,male,6.0,Both,0.9
362,17,male,7.2,Both,0.8
363,18,male,3.5,TikTok,2.9
364,15,female,3.8,Instagram,1.9
365,18,female,4.5,Both,1.5
366,16,female,7.3,Both,0.5
367,18,female,6.4,Instagram,0.5
368,16,male,5.3,TikTok,2.2
369,13,male,2.4,Instagram,0.7
370,13,male,8.0,Both,2.2
371,15,male,7.3,Both,2.3
372,17,female,4.5,Both,0.9
373,19,male,5.0,Both,2.4
374,16,female,5.7,Both,1.4
375,18,female,2.9,Instagram,2.6
376,13,male,7.9,Instagram,2.3
377,19,male,4.8,TikTok,2.6
378,13,female,3.0,Both,1.0
379,14,female,4.1,Both,2.0
380,19,male,6.9,Instagram,1.2
381,17,female,3.2,Instagram,2.2
382,18,female,1.3,Both,0.9
383,15,female,4.2,TikTok,1.1
384,19,male,6.6,Both,2.1
385,13,male,7.5,TikTok,0.7
386,15,male,7.0,Both,3.0
387,15,female,6.7,Both,0.6
388,15,female,2.3,Instagram,2.9
389,14,male,5.3,Both,2.8
390,13,female,2.7,TikTok,1.5
391,13,male,5.4,Instagram,1.8
392,17,male,7.2,Instagram,1.9
393,19,male,1.5,TikTok,2.5
394,13,male,4.0,Both,0.5
395,15,female,4.2,Both,2.1
396,19,male,1.8,TikTok,2.2
397,17,female,3.3,Instagram,1.1
398,14,female,1.0,Both,1.4
399,13,female,1.2,TikTok,2.8
400,19,male,2.0,Instagram,1.3
401,13,female,7.1,Both,1.6
402,15,female,5.5,TikTok,1.5
403,17,male,7.7,TikTok,2.8
404,17,female,7.6,Instagram,2.0
405,13,male,8.0,Instagram,2.5
406,16,female,4.3,Instagram,1.4
407,13,male,3.8,Both,2.5
408,16,female,2.9,TikTok,3.0
409,13,female,5.3,TikTok,1.1
410,15,female,5.7,Instagram,2.4
411,18,female,2.8,Instagram,1.0
412,15,male,2.8,TikTok,2.9
413,13,female,1.1,Instagram,1.9
414,14,female,2.0,Both,2.6
415,16,female,6.5,TikTok,1.8
416,16,female,7.5,TikTok,1.3
417,16,female,3.1,Instagram,1.2
418,19,male,5.9,Both,2.3
419,15,male,7.9,TikTok,0.7
420,15,male,5.1,Instagram,0.7
421,16,male,1.9,Both,2.1
422,17,male,8.0,Instagram,1.5
423,19,male,2.9,Both,0.5
424,14,male,4.3,Instagram,0.9
425,16,male,1.1,Instagram,3.0
426,16,male,4.9,Instagram,1.2
427,14,male,6.1,Both,1.4
428,15,female,2.7,Both,1.6
429,16,female,7.8,Both,0.7
430,18,male,4.2,TikTok,1.4
431,13,female,4.4,Instagram,2.7
432,13,female,1.4,Both,0.6
433,17,male,3.7,TikTok,0.6
434,14,male,3.8,Instagram,1.9
435,15,female,5.4,TikTok,1.8
436,17,male,4.0,Both,1.8
437,19,male,3.5,TikTok,1.8
438,17,male,1.3,Both,1.0
439,14,male,5.6,Instagram,0.9
440,13,female,2.4,Instagram,0.6
441,16,male,2.0,Both,2.8
442,15,male,6.6,Instagram,1.5
443,17,female,2.3,TikTok,2.4
444,16,male,6.4,TikTok,1.4
445,18,female,3.5,Both,1.3
446,18,female,1.7,Instagram,1.0
447,14,male,4.1,Instagram,1.7
448,14,male,3.3,Instagram,0.8
449,14,female,5.0,TikTok,2.6
450,19,female,1.5,Instagram,3.0
451,17,female,3.3,TikTok,2.1
452,13,male,6.4,Both,1.3
453,17,female,8.0,Instagram,1.2
454,16,female,1.0,Both,1.3
455,18,female,4.2,Instagram,1.1
456,18,female,4.6,TikTok,2.8
457,17,female,2.8,Both,2.4
458,16,female,6.3,Instagram,1.3
459,17,female,7.2,TikTok,1.3
460,13,male,4.5,Both,2.2
461,18,male,5.3,Both,1.2
462,13,male,5.2,TikTok,2.5
463,13,male,7.9,TikTok,2.7
464,19,male,6.9,TikTok,1.5
465,17,female,5.8,Instagram,2.9
466,19,male,7.0,Instagram,2.1
467,14,female,3.0,TikTok,2.7
468,18,male,6.3,Both,1.7
469,17,female,5.5,Instagram,2.6
470,17,female,2.2,Both,2.2
471,14,male,1.4,Both,1.4
472,18,male,4.5,Instagram,1.9
473,14,female,6.1,Instagram,2.0
474,17,male,3.3,TikTok,2.0
475,15,male,5.2,Both,1.1
476,18,male,5.0,Both,1.3
477,17,female,1.8,TikTok,1.9
478,13,male,2.3,TikTok,0.7
479,14,male,2.7,Both,0.6
480,16,male,7.4,TikTok,1.7
481,15,male,6.2,TikTok,1.1
482,16,male,2.3,TikTok,1.0
483,18,male,1.8,TikTok,1.4
484,16,female,1.3,Instagram,2.6
485,15,male,2.1,Instagram,2.1
486,14,male,3.9,Instagram,1.4
487,18,female,3.8,Both,1.3
488,15,male,6.4,Instagram,0.7
489,19,male,3.2,Instagram,2.6
490,13,male,4.4,Both,1.5
491,15,male,1.3,TikTok,1.3
492,18,female,5.7,TikTok,0.5
493,13,male,4.0,TikTok,2.9
494,16,female,4.8,Instagram,1.4
495,19,male,5.8,Both,1.9
496,16,male,5.8,Both,1.1
497,13,male,3.2,TikTok,1.6
498,16,female,5.2,Both,2.4
499,17,male,2.4,TikTok,0.7
500,15,male,7.4,Both,2.6
501,18,female,7.1,Instagram,2.1
502,16,male,6.5,TikTok,1.9
503,13,male,7.4,Both,1.8
504,15,female,3.9,Instagram,1.7
505,15,female,4.6,Both,2.0
506,19,male,1.5,TikTok,1.0
507,15,female,5.8,Instagram,1.1
508,17,female,6.4,TikTok,2.1
509,16,female,2.1,TikTok,2.4
510,17,female,2.2,TikTok,3.0
511,14,male,5.5,TikTok,2.9
512,17,female,6.6,Both,2.2
513,19,female,5.2,Instagram,1.6
514,17,male,4.7,TikTok,2.0
515,19,female,7.1,Both,2.2
516,19,female,4.2,Both,1.4
517,17,female,1.3,Instagram,2.2
518,18,male,2.6,Both,1.9
519,15,male,6.2,Instagram,2.3
520,14,female,6.2,TikTok,1.5
521,18,male,4.8,TikTok,2.8
522,18,female,3.0,Both,2.0
523,16,male,4.7,Instagram,2.7
524,18,female,4.4,Both,1.4
525,14,female,2.3,TikTok,2.3
526,14,female,3.1,Instagram,1.9
527,18,male,2.9,TikTok,0.6
528,13,male,1.8,Instagram,0.6
529,15,female,2.0,Instagram,1.3
530,13,female,4.2,Instagram,2.7
531,17,female,6.7,Both,1.4
532,17,female,2.2,Both,0.5
533,17,female,1.1,TikTok,0.6
534,16,female,6.4,TikTok,2.8
535,19,female,2.8,Instagram,1.5
536,13,male,2.2,Both,2.0
537,19,male,5.7,Instagram,2.2
538,15,male,5.3,Both,1.9
539,14,male,3.1,TikTok,1.5
540,16,male,1.7,TikTok,0.6
541,19,female,6.7,Instagram,2.8
542,13,female,7.8,Instagram,1.7
543,18,female,2.1,Both,0.9
544,17,female,5.1,TikTok,1.9
545,18,female,3.6,Instagram,0.9
546,18,male,5.0,Both,2.0
547,17,male,1.7,Both,0.9
548,17,male,6.8,Instagram,0.6
549,14,male,3.8,Both,0.5
550,16,male,2.1,Instagram,1.1
551,15,female,3.2,Instagram,2.0
552,18,male,1.9,Instagram,2.3
553,13,female,3.5,Instagram,1.5
554,15,female,4.5,Instagram,0.9
555,13,female,6.0,TikTok,2.5
556,13,female,3.6,TikTok,2.2
557,19,male,5.2,TikTok,2.3
558,13,male,2.7,Both,1.4
559,16,female,2.8,TikTok,1.4
560,14,male,5.6,Instagram,1.9
561,16,male,2.7,Both,0.6
562,14,male,4.2,Both,1.1
563,18,female,5.1,TikTok,2.8
564,15,female,5.7,Instagram,0.7
565,13,female,1.5,Both,1.8
566,15,female,6.9,TikTok,2.4
567,14,male,4.7,TikTok,2.9
568,15,female,2.7,Both,0.8
569,13,female,6.1,Both,2.8
570,17,female,5.0,TikTok,1.9
571,17,female,5.3,Both,1.9
572,19,male,7.2,TikTok,2.9
573,15,male,2.3,Both,2.8
574,17,female,7.3,Both,1.1
575,16,female,1.5,Instagram,0.7
576,18,female,2.2,Instagram,1.9
577,13,female,5.5,Both,1.6
578,19,male,2.1,TikTok,2.5
579,15,female,4.5,Both,1.2
580,13,male,3.9,Both,0.7
581,14,male,5.8,Instagram,2.6
582,13,female,7.2,Both,2.5
583,17,female,2.9,Both,1.4
584,17,male,6.2,Instagram,0.6
585,18,female,1.1,Both,2.6
586,19,male,5.2,Instagram,1.3
587,15,female,5.0,Instagram,1.8
588,13,female,2.3,TikTok,1.2
589,15,female,5.2,TikTok,1.5
590,13,female,3.5,Both,1.4
591,16,female,3.5,Both,1.5
592,19,male,7.7,Instagram,2.6
593,18,female,2.0,Both,2.2
594,13,female,5.1,TikTok,2.7
595,16,male,2.0,Instagram,2.4
596,15,male,4.7,Instagram,1.9
597,17,female,6.9,TikTok,2.4
598,18,male,5.9,Instagram,2.7
599,19,male,2.7,Instagram,1.3
600,16,male,7.9,TikTok,1.6
601,16,female,7.4,TikTok,1.8
602,17,female,2.3,Instagram,1.7
603,13,male,7.1,Both,2.1
604,16,male,6.9,Instagram,1.1
605,16,female,5.6,TikTok,2.0
606,16,female,5.2,TikTok,2.1
607,17,male,4.5,Both,0.5
608,14,male,3.6,TikTok,1.4
609,19,male,7.2,Instagram,2.2
610,17,male,6.4,TikTok,2.3
611,15,male,7.1,Both,0.7
612,18,male,1.2,Both,1.1
613,19,male,6.6,TikTok,0.9
614,19,female,6.5,TikTok,1.1
615,16,male,2.0,TikTok,0.7
616,13,male,2.5,Instagram,0.8
617,19,male,2.1,Instagram,2.3
618,16,female,7.1,TikTok,1.8
619,19,female,6.8,Both,2.1
620,13,male,5.2,Both,0.8
621,19,male,7.0,TikTok,2.3
622,19,male,6.8,TikTok,2.0
623,16,female,3.8,TikTok,1.5
624,14,male,2.9,Instagram,2.0
625,16,male,3.6,Instagram,0.7
626,13,male,4.0,Both,0.6
627,17,female,7.5,Both,2.1
628,16,female,6.0,Both,1.5
629,16,female,3.6,Instagram,2.8
630,19,male,4.7,Both,1.2
631,13,male,2.0,Instagram,0.9
632,13,male,7.8,TikTok,1.3
633,19,male,5.9,TikTok,0.7
634,19,male,7.7,TikTok,2.8
635,13,male,2.2,TikTok,1.2
636,18,female,7.7,TikTok,2.9
637,18,male,3.2,Instagram,1.5
638,16,male,2.0,TikTok,0.5
639,15,female,6.2,Both,1.0
640,19,female,2.4,Instagram,1.6
641,15,male,3.4,Both,1.0
642,19,male,6.0,Instagram,0.9
643,16,female,5.3,Both,2.5
644,17,female,5.5,Instagram,0.8
645,17,male,3.6,Both,2.8
646,17,female,3.7,Instagram,1.3
647,16,female,7.4,Instagram,0.9
648,13,male,5.3,Instagram,1.0
649,18,female,4.8,Instagram,1.8
650,13,male,3.4,TikTok,0.5
651,17,female,7.0,TikTok,0.6
652,15,male,5.4,Instagram,1.2
653,17,male,5.3,Instagram,2.9
654,14,male,1.8,Both,2.7
655,15,male,4.5,TikTok,2.8
656,17,female,5.4,TikTok,2.5
657,13,male,3.6,Instagram,0.7
658,14,female,5.7,Instagram,0.7
659,15,female,5.5,Both,2.5
660,14,female,5.3,Both,1.1
661,15,male,2.7,Instagram,1.6
662,14,male,6.4,Instagram,0.8
663,16,male,5.0,TikTok,3.0
664,13,female,2.5,Instagram,1.6
665,18,male,2.2,Both,2.0
666,16,male,4.1,Both,1.9
667,16,female,2.8,TikTok,2.0
668,17,female,1.1,TikTok,2.7
669,13,male,7.0,Both,1.6
670,18,male,2.6,TikTok,2.3
671,13,female,2.6,TikTok,1.4
672,14,male,3.4,Instagram,2.0
673,14,male,7.9,Instagram,1.6
674,13,male,5.1,TikTok,2.6
675,13,female,2.8,Both,1.4
676,19,female,3.4,TikTok,0.7
677,18,male,6.3,Both,1.0
678,17,female,1.1,TikTok,2.5
679,19,male,3.8,Instagram,2.5
680,13,male,2.1,Instagram,1.6
681,17,female,6.2,Both,2.4
682,19,male,6.8,Instagram,2.1
683,14,male,5.2,Instagram,1.6
684,15,male,3.7,Both,0.9
685,19,male,2.4,Both,1.8
686,13,male,2.1,TikTok,2.7
687,17,female,2.6,TikTok,0.7
688,19,male,6.5,Instagram,1.5
689,16,female,3.4,Instagram,1.8
690,16,male,1.7,Both,1.4
691,13,male,5.6,Both,2.9
692,15,female,8.0,Both,1.3
693,15,female,5.7,Instagram,1.3
694,16,female,4.0,TikTok,2.7
695,13,female,3.5,Instagram,1.7
696,15,female,4.2,TikTok,1.3
697,19,female,3.9,TikTok,2.5
698,17,female,6.7,Instagram,0.6
699,15,male,6.7,Both,1.8
700,14,female,3.4,Instagram,1.7
701,16,male,5.0,TikTok,0.7
702,18,female,3.8,Instagram,1.0
703,15,female,7.3,TikTok,2.8
704,18,female,7.2,TikTok,1.4
705,15,female,3.1,Both,2.1
706,15,female,8.0,Instagram,0.7
707,15,male,4.3,Instagram,1.1
708,14,female,4.0,TikTok,1.1
709,15,male,6.9,TikTok,1.4
710,13,male,7.0,TikTok,0.9
711,13,male,6.2,Instagram,1.8
712,15,male,7.7,Instagram,1.3
713,19,female,5.1,Both,2.3
714,15,male,1.0,TikTok,2.0
715,15,female,1.1,Instagram,1.8
716,13,female,7.0,Instagram,1.2
717,15,female,2.7,Both,1.8
718,18,male,2.5,Instagram,1.4
719,18,female,2.3,TikTok,0.9
720,17,female,2.7,TikTok,1.6
721,14,male,3.2,Instagram,2.6
722,18,female,3.8,Both,2.3
723,14,female,4.1,TikTok,2.4
724,13,female,2.3,TikTok,1.4
725,15,male,8.0,Instagram,0.6
726,15,female,2.9,TikTok,0.7
727,19,female,4.4,Both,2.8
728,18,female,3.1,Both,2.0
729,18,male,7.9,TikTok,2.0
730,14,female,1.2,Both,2.2
731,19,female,4.0,Both,2.7
732,18,male,1.0,Instagram,0.8
733,19,female,7.9,Instagram,2.4
734,14,male,6.2,TikTok,0.7
735,16,female,2.5,Instagram,2.3
736,16,male,4.7,Both,2.6
737,16,male,6.3,Instagram,1.0
738,17,female,7.5,TikTok,2.3
739,18,male,2.0,TikTok,1.5
740,13,female,6.3,Instagram,1.6
741,16,male,6.6,Both,2.0
742,19,female,3.6,Both,1.7
743,16,female,3.2,Both,2.5
744,13,female,3.1,Instagram,1.6
745,18,male,6.7,Instagram,1.9
746,17,male,6.6,TikTok,0.7
747,14,female,7.0,Instagram,1.6
748,16,female,4.8,Both,2.1
749,13,female,5.8,Instagram,1.1
750,19,female,6.0,Both,2.8
751,15,male,4.0,Both,1.8
752,14,female,5.8,Both,2.6
753,19,male,5.2,Instagram,1.3
754,17,male,2.9,Both,1.5
755,18,female,7.5,TikTok,1.4
756,13,female,5.8,Instagram,1.2
757,14,male,7.6,Instagram,1.9
758,15,female,1.3,TikTok,0.6
759,15,male,3.7,Both,1.3
760,18,male,3.6,Instagram,2.5
761,15,male,6.4,TikTok,2.9
762,13,male,6.0,TikTok,2.6
763,14,female,1.3,TikTok,1.9
764,18,male,3.7,Instagram,1.4
765,18,female,8.0,TikTok,0.8
766,19,female,4.1,Both,2.7
767,13,male,3.9,Both,1.5
768,15,female,6.4,Instagram,1.6
769,19,female,1.3,TikTok,2.1
770,18,female,5.0,Instagram,1.8
771,18,male,5.5,Both,1.4
772,13,female,7.6,Instagram,3.0
773,19,female,6.3,Both,2.3
774,18,female,2.0,Instagram,2.9
775,15,male,4.0,TikTok,1.9
776,14,male,4.9,Instagram,1.6
777,14,female,6.9,TikTok,1.6
778,15,male,5.4,TikTok,1.8
779,13,female,3.8,Both,2.5
780,15,male,7.8,Both,0.6
781,15,male,3.5,Both,1.8
782,19,female,5.4,Instagram,2.0
783,17,male,3.8,Both,2.0
784,17,male,8.0,Instagram,2.2
785,14,female,3.7,TikTok,1.7
786,19,female,5.0,Instagram,2.9
787,19,female,4.2,Instagram,2.5
788,16,male,4.6,Instagram,1.5
789,18,male,5.5,Instagram,0.9
790,19,female,1.8,Instagram,2.8
791,14,female,6.6,TikTok,1.8
792,15,female,4.4,TikTok,0.9
793,14,female,4.7,TikTok,2.1
794,18,female,7.1,Instagram,0.6
795,17,male,4.0,Both,1.0
796,18,female,5.5,Instagram,2.6
797,19,male,5.6,TikTok,1.4
798,14,female,3.7,Both,1.7
799,16,male,1.8,TikTok,2.3
800,16,female,7.6,TikTok,2.8
801,18,male,5.7,TikTok,2.5
802,14,female,6.1,Instagram,2.7
803,13,female,6.0,Instagram,0.6
804,15,female,3.1,TikTok,2.4
805,17,male,7.6,Instagram,2.0
806,17,male,6.0,Both,2.7
807,13,female,3.5,Instagram,2.7
808,14,female,1.3,TikTok,1.4
809,18,female,2.8,TikTok,2.9
810,14,male,3.9,Both,0.8
811,19,male,3.9,Both,2.8
812,14,male,7.4,Instagram,2.4
813,19,female,5.4,TikTok,1.7
814,19,female,6.6,Both,0.8
815,17,male,5.9,Instagram,1.7
816,17,male,3.3,Both,1.8
817,15,female,2.8,Instagram,1.0
818,14,female,7.3,TikTok,2.5
819,18,male,2.8,Instagram,2.3
820,18,female,7.2,TikTok,1.2
821,19,female,7.1,TikTok,0.8
822,13,female,4.3,TikTok,0.9
823,19,male,1.6,Both,1.4
824,19,female,1.4,Both,2.5
825,18,female,3.2,Instagram,2.3
826,17,male,1.5,Both,0.5
827,18,male,7.5,TikTok,2.6
828,14,female,3.5,Instagram,0.7
829,17,male,4.4,Both,2.7
830,17,male,4.6,TikTok,2.5
831,13,male,5.9,TikTok,2.6
832,16,female,7.8,TikTok,1.1
833,15,female,4.8,TikTok,1.9
834,16,female,7.4,TikTok,1.0
835,18,male,2.7,Instagram,1.2
836,13,female,5.3,TikTok,1.1
837,16,female,3.6,Both,2.4
838,18,male,2.5,Both,2.1
839,15,male,4.5,Both,1.5
840,18,female,1.9,Both,2.9
841,17,male,3.8,Instagram,0.7
842,18,female,3.9,Both,1.8
843,17,female,1.1,Both,2.1
844,15,female,3.9,Both,1.1
845,16,male,8.0,Instagram,2.5
846,14,female,1.2,TikTok,2.3
847,15,male,2.2,Instagram,0.9
848,15,female,4.2,TikTok,1.4
849,19,male,6.0,Both,1.1
850,19,male,5.4,Instagram,0.6
851,15,female,2.7,TikTok,2.5
852,19,female,1.9,Both,0.9
853,14,male,1.5,Both,0.8
854,17,female,2.6,TikTok,0.7
855,16,male,1.2,Instagram,1.0
856,18,female,1.8,Both,2.0
857,19,male,4.8,Both,1.0
858,19,male,2.1,Both,2.4
859,15,male,4.4,Instagram,0.5
860,14,male,2.8,Both,3.0
861,15,male,3.5,TikTok,2.7
862,15,male,6.8,Both,2.1
863,14,male,7.0,Instagram,1.4
864,17,female,7.5,Both,2.8
865,17,female,2.5,Instagram,2.0
866,15,male,6.5,TikTok,2.1
867,13,male,7.7,Instagram,2.0
868,18,female,3.2,Both,0.7
869,16,female,5.3,TikTok,1.5
870,14,male,5.0,TikTok,0.5
871,19,male,6.1,Instagram,2.3
872,17,male,4.2,TikTok,2.6
873,15,male,4.7,Instagram,2.3
874,18,male,1.6,TikTok,0.6
875,14,female,1.7,TikTok,2.7
876,18,male,4.6,Instagram,1.4
877,13,female,2.5,TikTok,2.8
878,16,female,4.2,TikTok,1.2
879,19,female,1.2,TikTok,1.7
880,15,male,2.7,Instagram,2.9
881,13,male,1.5,Both,0.8
882,15,male,3.2,Instagram,0.7
883,19,female,7.3,Both,1.5
884,16,male,2.0,Instagram,1.0
885,19,male,2.5,TikTok,1.9
886,16,female,7.7,Instagram,2.9
887,19,female,3.9,Both,2.1
888,16,female,3.5,TikTok,2.7
889,17,male,4.9,Instagram,2.5
890,14,male,3.4,Both,3.0
891,18,male,2.5,TikTok,2.2
892,16,male,4.8,Both,0.9
893,19,male,7.4,TikTok,1.1
894,16,female,2.1,Instagram,1.3
895,19,male,2.1,TikTok,2.2
896,16,male,1.8,Instagram,2.3
897,18,male,6.8,Both,0.9
898,18,male,7.9,Instagram,2.8
899,15,male,7.6,Both,2.9
900,18,male,6.1,TikTok,1.8
901,16,female,1.4,Both,1.8
902,19,male,6.3,TikTok,1.4
903,13,male,1.3,Instagram,1.1
904,17,male,5.1,TikTok,2.9
905,19,female,4.0,Instagram,1.4
906,17,female,7.6,Instagram,1.9
907,19,male,3.8,TikTok,2.6
908,17,male,5.2,Instagram,2.4
909,13,male,5.0,Both,0.7
910,19,female,7.4,Both,1.4
911,16,male,6.1,TikTok,0.8
912,13,female,7.4,Both,2.0
913,16,male,3.5,Both,1.5
914,14,male,5.1,Instagram,1.6
915,17,male,4.8,TikTok,2.1
916,14,male,7.5,Both,2.8
917,19,male,4.7,Both,2.0
918,19,male,3.3,TikTok,1.2
919,16,female,6.9,Instagram,0.6
920,15,male,5.4,Instagram,1.5
921,13,female,5.2,Both,2.7
922,15,female,3.3,Instagram,1.3
923,15,female,7.3,Both,1.9
924,17,male,7.6,Both,0.6
925,17,male,1.7,Both,0.8
926,18,male,1.5,Both,2.9
927,17,male,7.3,Both,1.5
928,14,male,2.8,Both,1.2
929,15,male,1.2,Both,2.7
930,16,female,2.5,TikTok,1.2
931,17,male,4.8,TikTok,1.6
932,18,female,6.4,Both,1.1
933,16,female,6.6,Instagram,1.7
934,14,female,3.5,Both,2.4
935,14,female,2.4,TikTok,2.8
936,13,male,5.9,Instagram,0.8
937,19,female,7.4,Instagram,2.0
938,15,female,4.6,TikTok,3.0
939,17,male,7.3,Instagram,2.9
940,17,female,2.9,TikTok,0.9
941,19,male,5.3,TikTok,0.6
942,17,female,7.2,TikTok,2.9
943,15,female,2.6,Both,1.8
944,15,male,3.6,Instagram,1.0
945,19,male,3.6,Instagram,1.1
946,15,female,1.8,Instagram,1.6
947,14,female,1.8,Instagram,1.2
948,15,female,7.4,Both,1.9
949,15,male,4.8,Both,2.2
950,18,male,2.4,Both,1.0
951,15,male,5.4,TikTok,0.6
952,17,female,3.5,Both,2.2
953,18,female,3.0,Instagram,2.0
954,13,female,3.3,Both,0.9
955,19,male,5.5,TikTok,2.7
956,15,male,3.8,Both,2.6
957,17,male,5.7,TikTok,2.0
958,13,female,4.7,TikTok,1.1
959,17,female,4.0,Instagram,0.6
960,16,male,5.3,TikTok,0.7
961,17,male,3.8,Instagram,1.2
962,16,female,6.0,Both,2.4
963,15,male,2.2,Both,1.3
964,18,male,4.3,TikTok,2.1
965,19,female,7.5,TikTok,2.7
966,14,male,5.3,Instagram,2.9
967,14,female,7.0,Instagram,2.1
968,16,female,2.1,Both,2.0
969,18,female,7.3,Both,2.8
970,17,female,2.6,Instagram,1.5
971,17,male,5.4,Both,1.5
972,15,male,6.9,Instagram,0.6
973,19,female,3.0,Instagram,2.1
974,18,male,1.3,Instagram,2.3
975,15,male,6.2,Both,1.4
976,15,male,3.6,Instagram,1.2
977,18,female,6.5,Both,2.5
978,17,female,5.3,Instagram,0.6
979,16,male,4.6,Both,1.3
980,18,male,7.7,Both,1.6
981,19,male,7.1,TikTok,1.8
982,16,male,3.9,TikTok,2.1
983,19,female,7.5,TikTok,0.9
984,18,male,5.8,TikTok,2.2
985,17,female,7.6,Instagram,2.9
986,19,female,4.4,Instagram,2.8
987,19,male,4.6,Both,2.5
988,18,female,7.0,Both,0.7
989,16,female,3.6,TikTok,1.2
990,15,female,3.0,TikTok,0.9
991,19,female,7.2,Instagram,2.9
992,15,female,5.6,Both,2.0
993,14,female,2.0,Instagram,1.1
994,14,female,4.4,TikTok,2.8
995,13,male,3.5,TikTok,1.2
996,13,male,6.5,Instagram,1.5
997,14,male,4.4,Instagram,2.3
998,17,female,3.1,TikTok,0.8
999,15,male,7.8,Both,2.1
1000,19,female,2.1,Both,2.2
1001,14,female,5.5,Both,2.3
1002,15,female,5.7,Instagram,2.4
1003,15,female,5.0,TikTok,1.5
1004,16,female,7.5,Both,0.5
1005,17,male,2.2,TikTok,1.1
1006,15,female,7.3,Instagram,2.1
1007,17,male,2.7,Instagram,1.5
1008,18,male,1.6,Instagram,2.6
1009,14,male,4.0,TikTok,2.7
1010,18,female,6.3,Both,2.4
1011,16,female,6.8,TikTok,2.9
1012,18,female,6.6,Both,2.0
1013,13,male,4.0,Instagram,0.9
1014,13,male,1.6,TikTok,2.7
1015,18,male,5.3,Both,1.9
1016,19,female,7.4,Both,1.4
1017,18,female,2.3,Instagram,0.6
1018,16,male,7.6,Both,0.8
1019,16,female,7.6,TikTok,2.4
1020,17,female,3.4,Both,0.5
1021,18,female,2.3,Instagram,0.9
1022,18,male,5.0,Instagram,1.1
1023,15,male,3.8,TikTok,0.5
1024,16,male,3.7,Instagram,1.2
1025,13,male,1.4,Both,2.4
1026,18,male,1.8,Both,2.7
1027,19,male,1.5,TikTok,1.1
1028,18,female,5.5,Both,1.8
1029,15,male,4.9,Both,0.7
1030,14,female,7.2,Both,2.3
1031,16,female,6.8,Instagram,1.1
1032,13,female,2.2,Both,2.1
1033,16,female,5.9,TikTok,0.8
1034,15,female,2.2,Instagram,1.4
1035,19,female,2.4,Instagram,1.2
1036,15,male,4.1,Instagram,1.0
1037,18,female,4.5,Instagram,2.7
1038,14,female,4.6,Instagram,1.4
1039,17,female,4.5,Both,2.8
1040,13,male,5.0,Instagram,2.6
1041,19,female,4.1,Both,1.4
1042,18,male,7.5,TikTok,1.8
1043,18,male,4.2,Instagram,1.8
1044,14,female,7.2,Both,2.9
1045,13,male,4.8,Instagram,0.6
1046,17,female,7.3,Instagram,1.0
1047,13,male,3.9,Both,1.6
1048,15,female,5.5,Both,2.4
1049,15,male,7.5,Both,2.8
1050,17,male,1.8,Instagram,2.7
1051,16,male,2.6,Instagram,0.9
1052,17,female,5.5,Both,2.8
1053,15,female,3.6,TikTok,0.9
1054,19,female,7.6,Both,1.9
1055,13,male,7.9,Instagram,0.7
1056,15,male,2.6,Both,1.7
1057,19,male,5.7,TikTok,0.9
1058,13,female,7.1,Instagram,1.2
1059,13,female,1.3,TikTok,0.9
1060,13,female,1.1,Both,2.0
1061,13,female,3.3,TikTok,0.7
1062,16,male,7.4,Both,1.8
1063,13,male,5.8,TikTok,2.8
1064,18,female,4.6,TikTok,1.5
1065,18,female,2.5,TikTok,1.6
1066,18,male,4.0,Both,2.0
1067,17,female,6.6,Both,1.9
1068,14,female,2.9,TikTok,1.6
1069,14,male,7.2,TikTok,2.7
1070,13,female,2.9,Instagram,1.0
1071,15,female,7.3,Both,2.9
1072,16,female,3.7,TikTok,1.5
1073,16,male,7.0,Instagram,1.7
1074,15,male,4.0,TikTok,2.3
1075,16,male,2.7,Both,2.8
1076,15,male,7.2,Both,0.7
1077,18,male,7.9,Both,2.7
1078,14,female,5.1,Instagram,2.3
1079,15,female,6.4,Both,0.7
1080,16,female,4.4,Both,2.0
1081,16,male,7.0,TikTok,2.6
1082,17,female,7.8,TikTok,1.2
1083,14,female,5.0,Instagram,1.0
1084,17,male,6.6,TikTok,1.1
1085,18,male,2.6,Both,2.7
1086,13,female,5.8,Instagram,1.8
1087,14,female,5.6,TikTok,2.3
1088,18,male,4.6,Both,2.9
1089,19,male,1.4,Both,0.5
1090,13,female,2.9,Both,2.3
1091,16,female,7.9,Instagram,2.7
1092,13,male,3.5,Both,2.3
1093,14,female,3.8,Instagram,1.2
1094,19,male,2.9,Instagram,0.9
1095,17,male,3.5,Both,0.7
1096,16,male,4.8,Instagram,1.8
1097,13,male,5.8,TikTok,1.1
1098,16,female,6.1,Both,2.5
1099,14,female,4.3,Both,0.5
1100,15,female,7.8,Instagram,3.0
1101,15,female,5.2,TikTok,1.1
1102,17,male,3.5,Instagram,2.2
1103,16,female,6.5,TikTok,1.8
1104,17,male,4.7,TikTok,2.7
1105,13,male,2.5,Instagram,1.8
1106,19,female,5.5,TikTok,2.0
1107,15,female,3.5,Instagram,1.9
1108,14,female,4.6,TikTok,1.6
1109,13,female,3.5,Instagram,1.6
1110,19,male,1.6,TikTok,1.4
1111,13,female,3.2,Both,0.7
1112,19,female,1.7,Both,2.7
1113,14,male,6.4,Instagram,2.3
1114,13,female,3.3,TikTok,1.0
1115,18,male,1.2,Both,2.6
1116,13,female,2.5,Both,1.4
1117,16,male,2.2,TikTok,2.3
1118,18,female,5.2,Both,1.9
1119,16,male,7.9,Instagram,2.5
1120,18,male,5.6,Both,2.4
1121,16,male,3.9,TikTok,2.1
1122,18,female,1.8,TikTok,2.7
1123,18,female,5.8,Both,1.2
1124,18,female,2.2,Instagram,1.7
1125,17,male,6.9,Both,2.5
1126,14,female,5.7,Instagram,2.6
1127,17,male,7.5,TikTok,2.3
1128,13,male,5.2,Both,2.5
1129,16,male,7.2,Both,2.1
1130,19,male,2.0,TikTok,0.8
1131,13,female,4.7,Both,1.4
1132,14,male,5.6,Both,1.4
1133,18,female,4.5,Instagram,2.9
1134,15,female,1.1,Instagram,1.2
1135,18,female,5.3,Both,1.5
1136,14,female,3.5,Both,2.5
1137,15,male,6.5,Both,1.2
1138,14,male,7.0,Both,1.9
1139,14,female,4.0,TikTok,0.9
1140,15,female,1.7,Instagram,1.5
1141,14,female,7.8,TikTok,2.2
1142,15,female,5.2,Instagram,3.0
1143,19,female,7.9,TikTok,2.1
1144,17,male,5.9,Both,1.3
1145,13,female,2.6,TikTok,1.9
1146,18,female,6.3,TikTok,1.2
1147,19,female,4.5,TikTok,2.1
1148,19,male,5.3,Instagram,2.8
1149,13,female,5.2,Both,2.5
1150,15,male,3.3,Both,1.2
1151,14,female,1.1,Both,1.6
1152,17,female,5.0,Instagram,1.2
1153,15,female,7.4,TikTok,1.4
1154,15,female,7.4,TikTok,2.9
1155,17,male,6.6,TikTok,2.2
1156,13,female,7.1,Both,1.1
1157,15,female,1.1,TikTok,2.3
1158,13,female,3.6,TikTok,0.8
1159,16,male,5.1,TikTok,1.1
1160,19,female,7.3,Instagram,1.0
1161,13,female,7.7,Both,1.4
1162,13,female,7.9,TikTok,1.6
1163,16,female,5.5,Both,2.5
1164,19,male,4.0,Instagram,0.6
1165,15,female,7.9,TikTok,1.5
1166,18,female,5.5,Both,0.5
1167,17,female,7.6,Both,1.1
1168,13,male,1.3,TikTok,0.9
1169,16,male,7.3,TikTok,2.2
1170,18,male,4.3,Instagram,2.5
1171,16,male,7.1,TikTok,1.9
1172,14,female,5.7,TikTok,1.9
1173,18,female,5.2,Both,1.7
1174,17,male,3.1,TikTok,2.2
1175,13,male,3.0,Both,0.8
1176,17,female,6.0,Both,2.2
1177,13,male,5.9,Instagram,1.9
1178,15,male,5.1,TikTok,0.7
1179,19,female,3.5,Instagram,0.5
1180,16,male,5.3,TikTok,2.4
1181,13,female,4.1,Instagram,1.7
1182,18,male,4.1,Instagram,2.1
1183,15,male,6.3,TikTok,1.8
1184,19,female,6.6,Both,2.9
1185,19,male,1.4,Both,2.3
1186,19,male,2.4,TikTok,2.4
1187,18,male,1.6,Both,2.0
1188,18,male,2.0,Instagram,0.8
1189,17,female,7.4,Instagram,2.0
1190,14,female,1.6,TikTok,2.4
1191,17,female,3.8,Instagram,0.9
1192,19,male,8.0,TikTok,0.5
1193,13,male,7.8,TikTok,1.5
1194,13,female,7.2,Instagram,2.1
1195,17,male,2.0,Both,1.7
1196,18,female,6.8,Instagram,2.0
1197,16,male,2.3,Both,1.9
1198,14,female,1.7,Both,0.7
1199,15,male,3.9,Both,2.1
1200,16,female,4.7,TikTok,1.0
